Class,IoU
Shrubland,0.01633268800442511
Grassland,0.6629814726742086
Cropland,0.7633361481933989
Wetland,0.004810846271594139
Bareland,0.029957728358757582
Built-up,0.9692463616640538
Water,0.9925702816340305
Forest,0.767562148173298
