Class,PA,UA,F1,Support
Shrubland,0.0,0.0,0.0,0
Grassland,0.9893849530256017,0.9514086542786253,0.9700252548019185,2202157
Cropland,0.0,0.0,0.0,0
Wetland,0.4,0.0010335917312661498,0.002061855670103093,5
Bareland,0.7821229050279329,0.03210272873194221,0.06167400881057269,179
Built-up,0.8426672477663979,0.9779969650986343,0.9053025869132624,4589
Water,0.9963768115942029,0.9989478696279913,0.9976606841540113,261096
Forest,0.9821777964120547,0.9970014605788793,0.9895341153279369,6296640
