Class,IoU
Shrubland,0.0
Grassland,0.9417951841288751
Cropland,0.0
Wetland,0.0010319917440660474
Bareland,0.031818181818181815
Built-up,0.8269888793840889
Water,0.9953322875616941
Forest,0.9792850311310417
