Metric,Value
Overall_Accuracy,0.6159828233667429
Kappa,0.5019921872193833
Balanced_Accuracy,0.739436779217737
MCC,0.5774837371603975
mIoU,0.41493915299309403
Pontius_Quantity_Disagreement,0.37794691378545514
Pontius_Allocation_Disagreement,0.006070262847801822
