Class,PA,UA,F1,Support
Shrubland,0.0,0.0,0.0,0
Grassland,0.9236000975966817,0.013792340179783653,0.02717881267818062,32788
Cropland,0.737256256289711,0.9881164892628673,0.8444494855153885,807867
Wetland,0.21428571428571427,0.03788334335538184,0.06438426162493613,294
Bareland,0.7941176470588235,0.007044090790503522,0.013964313421256789,34
Built-up,0.5896354323591443,0.8154166666666667,0.6843853820598007,3319
Water,0.1390728476821192,0.7590361445783133,0.23507462686567165,906
Forest,0.7519867703255037,0.9965478099877638,0.8571643678598468,8084855
