Metric,Value
Overall_Accuracy,0.7058355799301321
Kappa,0.5964202843438834
Balanced_Accuracy,0.7294280577070846
MCC,0.6511188237208949
mIoU,0.44980438091993613
Pontius_Quantity_Disagreement,0.2916440606268308
Pontius_Allocation_Disagreement,0.002520359443037079
