Class,IoU
Shrubland,2.0912627044209293e-05
Grassland,0.08425308643221967
Cropland,0.3460197899366067
Wetland,0.25252018428134837
Bareland,0.0008219178082191781
Built-up,0.9349663697509544
Water,0.9828477486088127
Forest,0.6899831548479787
