Metric,Value
Overall_Accuracy,0.9846400082124329
Kappa,0.9354079614091615
Balanced_Accuracy,0.7346079773450098
MCC,0.9369518448729532
mIoU,0.5438065852780544
Pontius_Quantity_Disagreement,0.014062502380351668
Pontius_Allocation_Disagreement,0.0012974894072154165
