Class,IoU
Shrubland,0.0
Grassland,0.9253081554524178
Cropland,0.0
Wetland,0.014792899408284023
Bareland,0.46492753623188404
Built-up,0.9270982851099192
Water,0.6964031700873806
Forest,0.9771629591500829
