Class,PA,UA,F1,Support
Shrubland,0.0,0.0,0.0,0
Grassland,0.3333333333333333,0.0004837929366231253,0.000966183574879227,3
Wetland,0.2264957264957265,0.14171122994652408,0.17434210526315788,234
Bareland,0.0,0.0,0.0,0
Water,0.9948492525544016,0.9854744889479807,0.9901396808963623,119206
Forest,0.9996933014044378,0.9999646051975857,0.9998289348964267,12406317
