Class,IoU
Shrubland,0.0
Grassland,0.7047278869398128
Cropland,0.856625961103573
Wetland,0.0
Bareland,0.0027397260273972603
Built-up,0.9801422643746295
Water,0.9676228156940323
Forest,0.9963124699373466
