Class,PA,UA,F1,Support
Shrubland,0.0,0.0,0.0,0
Grassland,0.9895771000837749,0.7099979704307371,0.8267922315799999,91913
Cropland,0.8658285714285714,0.9877444589308996,0.9227771010962241,4375
Wetland,0.0,0.0,0.0,0
Bareland,0.25,0.0027624309392265192,0.00546448087431694,4
Built-up,0.9839333531686998,0.9960843373493976,0.9899715611435413,3361
Water,0.9857584307402929,0.9813415368153547,0.9835450249673247,14886
Forest,0.9963914495269239,0.9999204473293467,0.9981528292197819,10722588
