Class,IoU
Shrubland,0.0005910125335416596
Grassland,0.15409409607181576
Cropland,0.5377391920623671
Wetland,0.0
Bareland,0.09590170693493856
Built-up,0.45708116939954485
Water,0.7981973203410475
Forest,0.8199953772693191
