Metric,Value
Overall_Accuracy,0.2787504263232261
Kappa,0.16537901048220327
Balanced_Accuracy,0.4710245180856625
MCC,0.3058476999355205
mIoU,0.20994235522541294
Pontius_Quantity_Disagreement,0.6986422620304354
Pontius_Allocation_Disagreement,0.022607311646338446
