Class,PA,UA,F1,Support
Shrubland,0.022913669533772888,0.0476823587934699,0.03095295409310545,460162
Grassland,0.9927770510396121,0.49381800364559103,0.6595625081146962,885234
Cropland,0.4707198806415517,0.9063487503590922,0.6196297932930721,13405
Wetland,0.8666666666666667,0.006981740064446832,0.013851891315929675,30
Bareland,0.125,0.003322760912248905,0.006473444166544063,176
Built-up,0.9725692948441763,0.9546095291795884,0.9635057266842143,13926
Water,0.9953665052596427,0.9983014252477587,0.9968318049753502,335384
Forest,0.7116906939729885,0.9995159607043632,0.8313971965529681,2286357
