Class,IoU
Shrubland,0.0
Grassland,0.7410239466314232
Cropland,0.698987906338451
Wetland,0.0
Bareland,0.003875968992248062
Built-up,0.9539130434782609
Water,0.9560682680151706
Forest,0.9918842676573979
