Class,PA,UA,F1,Support
Shrubland,0.0,0.0,0.0,0
Grassland,0.9975483958005862,0.9274171618650516,0.9612052520859806,1764151
Cropland,0.0,0.0,0.0,4652
Wetland,0.7142857142857143,0.01488095238095238,0.029154518950437316,14
Bareland,0.9485511531638084,0.4769550996134404,0.6347447566284131,3382
Built-up,0.9362935835812924,0.989517819706499,0.9621702144341213,13107
Water,0.9365946980049193,0.7308594583066752,0.8210349784379493,3659
Forest,0.9775056327069062,0.9996413766594168,0.9884495909938885,6033955
