Class,PA,UA,F1,Support
Shrubland,0.0,0.0,0.0,0
Grassland,0.9885785903059695,0.7322811762094089,0.8413439688355052,183515
Cropland,0.0,0.0,0.0,0
Wetland,0.7602570439940682,0.0861962674438155,0.15483741065136414,2023
Bareland,0.9333333333333333,0.019399538106235566,0.03800904977375565,90
Built-up,0.9858260322177848,0.9978690844897554,0.9918110015495506,193806
Water,0.9873744382840798,0.9995301559386897,0.9934151132747454,1307823
Forest,0.9879607365343014,0.9997909344420111,0.993840631497492,5619779
