Metric,Value
Overall_Accuracy,0.9838369048409908
Kappa,0.9590119760484297
Balanced_Accuracy,0.7409887796813062
MCC,0.9594964058421732
mIoU,0.4039845158271647
Pontius_Quantity_Disagreement,0.015297138008471226
Pontius_Allocation_Disagreement,0.0008659571505380409
