Metric,Value
Overall_Accuracy,0.6952237894064154
Kappa,0.40121801439128046
Balanced_Accuracy,0.598394745033999
MCC,0.49886290483761303
mIoU,0.3087266071131196
Pontius_Quantity_Disagreement,0.30221114474570443
Pontius_Allocation_Disagreement,0.002565065847880077
