Metric,Value
Overall_Accuracy,0.7511441968550502
Kappa,0.3354625338115538
Balanced_Accuracy,0.5928506807996711
MCC,0.4424746289392158
mIoU,0.27353436717277985
Pontius_Quantity_Disagreement,0.24533399148471852
Pontius_Allocation_Disagreement,0.0035218116602313
