Class,PA,UA,F1,Support
Shrubland,0.0005910556968088087,0.8900255754475703,0.0011813268880862505,588777
Grassland,0.9364844790295641,0.1557215700528846,0.2670390509687296,129921
Cropland,0.5431443314343664,0.9818299455437537,0.6993893305680378,67054
Wetland,0.0,0.0,0.0,1
Bareland,0.9447603574329814,0.09644249108549631,0.17501881113619264,2462
Built-up,0.4590903762747626,0.9905159332321699,0.6273928714457349,17062
Water,0.8460545341871514,0.9338235294117647,0.8877750081283191,19364
Forest,0.8600319287319169,0.9462783213628951,0.9010961099248748,507380
