Class,IoU
Shrubland,0.0
Grassland,0.0650242285131344
Cropland,0.0
Wetland,0.3563042368555385
Bareland,0.05
Built-up,0.3333333333333333
Water,0.8331366004558776
Forest,0.9656303476822076
