Metric,Value
Overall_Accuracy,0.9813430279230774
Kappa,0.9486796297371544
Balanced_Accuracy,0.7872541682204609
MCC,0.9497349918668498
mIoU,0.500711625679996
Pontius_Quantity_Disagreement,0.017749126924473283
Pontius_Allocation_Disagreement,0.0009078451524494567
