Class,IoU
Shrubland,0.0
Grassland,0.0004833252779120348
Wetland,0.09549549549549549
Bareland,0.0
Water,0.9804719149428709
Forest,0.9996579283093824
