Metric,Value
Overall_Accuracy,0.9962622012273179
Kappa,0.8466810272712318
Balanced_Accuracy,0.8452481508247106
MCC,0.8555307778384169
mIoU,0.5635213905095988
Pontius_Quantity_Disagreement,0.003545589158455024
Pontius_Allocation_Disagreement,0.00019220961422718652
