Metric,Value
Overall_Accuracy,0.7185304733252326
Kappa,0.5700105944502176
Balanced_Accuracy,0.6447129702448013
MCC,0.6076481991429067
mIoU,0.45019856812047176
Pontius_Quantity_Disagreement,0.2265143538621675
Pontius_Allocation_Disagreement,0.05495517281259993
