Metric,Value
Overall_Accuracy,0.819859185360538
Kappa,0.7111346763201315
Balanced_Accuracy,0.7342405419717813
MCC,0.7325980586362022
mIoU,0.5258497093717208
Pontius_Quantity_Disagreement,0.14274062488257616
Pontius_Allocation_Disagreement,0.037400189756885804
