Class,PA,UA,F1,Support
Shrubland,0.0,0.0,0.0,0
Grassland,0.9275320139697323,0.06535626031765562,0.1221084493146486,6872
Cropland,0.0,0.0,0.0,4
Wetland,0.4685939663491797,0.5978906793725575,0.5254045916447121,23833
Bareland,0.5454545454545454,0.05217391304347826,0.09523809523809523,11
Built-up,0.7272727272727273,0.38095238095238093,0.5,11
Water,0.8506743137377137,0.9758522050059595,0.9089738323359942,48123
Forest,0.966478518997519,0.999091999787652,0.9825146918603899,2434081
