Class,PA,UA,F1,Support
Shrubland,0.041364467056793364,0.026280124442214878,0.032140436290589915,157043
Grassland,0.994806691344713,0.6652840484937785,0.7973407804815538,1025743
Cropland,0.7828883114968581,0.9683190883190883,0.8657863096329808,54267
Wetland,0.7096774193548387,0.004820333041191937,0.009575625680087052,31
Bareland,0.6059479553903345,0.03055295220243674,0.05817273376159886,269
Built-up,0.9772785335632624,0.9915916013220142,0.9843830416881112,62628
Water,0.994184820042038,0.9983665343729662,0.9962712891813901,393453
Forest,0.7677761375254128,0.9996370169596845,0.8684980598464859,2564646
