Class,IoU
Shrubland,0.0
Grassland,0.6785127883015416
Wetland,0.0
Bareland,0.0
Built-up,0.9372618000586338
Water,0.9742709253882086
Forest,0.9974684495032021
