Metric,Value
Overall_Accuracy,0.9974264530777535
Kappa,0.871153533720892
Balanced_Accuracy,0.9727165265094251
MCC,0.8764069403671773
mIoU,0.5125019947502266
Pontius_Quantity_Disagreement,0.002206646655924456
Pontius_Allocation_Disagreement,0.00036690026632197215
