Class,PA,UA,F1,Support
Shrubland,0.0,0.0,0.0,0
Grassland,0.969577198645776,0.693272532792884,0.808469012605042,63505
Wetland,0.0,0.0,0.0,0
Bareland,0.0,0.0,0.0,0
Built-up,0.9386376981796829,0.9984384759525297,0.9676150121065376,3406
Water,0.9850151890332627,0.9889281869906197,0.9869678095944546,39173
Forest,0.9976360201789789,0.9998316343056053,0.9987326205340427,11714567
