Metric,Value
Overall_Accuracy,0.999632597143806
Kappa,0.9808198574839979
Balanced_Accuracy,0.6385929034469748
MCC,0.9809166622831934
mIoU,0.34601811067094346
Pontius_Quantity_Disagreement,0.0002687262090284741
Pontius_Allocation_Disagreement,9.867664716549162e-05
