Class,IoU
Shrubland,3.324633874694549e-05
Grassland,0.21306027573509811
Cropland,0.0
Wetland,0.003171582619727244
Bareland,0.016631098682758114
Built-up,0.46259145621902287
Water,0.8773072747014115
Forest,0.10674390750653859
