Class,PA,UA,F1,Support
Shrubland,0.05006129236457904,0.8969350555830595,0.0948297808051657,398092
Grassland,0.9795046633748726,0.0746215185829823,0.13867813301893336,51036
Cropland,0.77409503938292,0.9981619712657517,0.8719640840068517,803267
Wetland,0.8082191780821918,0.020157157499145883,0.03933333333333333,73
Bareland,0.5222222222222223,0.015724322515891603,0.03052939265995453,90
Built-up,0.9275442477876106,0.9917208752217622,0.9585595884538439,1808
Water,0.8503308910423067,0.9610658474689462,0.9023136246786633,16924
Forest,0.9234469273999734,0.9996729238123901,0.9600492546707736,870468
