Class,PA,UA,F1,Support
Shrubland,0.0,0.0,0.0,0
Grassland,0.9897864828513786,0.7467338914256723,0.8512507229612493,166544
Cropland,0.7005802707930368,0.9967588062622309,0.8228285836888205,23265
Wetland,0.0,0.0,0.0,0
Bareland,0.6666666666666666,0.003883495145631068,0.007722007722007722,3
Built-up,0.9823880597014926,0.9705101739899734,0.9764129951045839,3350
Water,0.9826533264033264,0.9724811933389057,0.9775407981903377,15392
Forest,0.9920522044776371,0.9998293617911125,0.9959256004606398,8251093
