Class,IoU
Shrubland,0.015719763607196742
Grassland,0.49205017921949656
Cropland,0.4488866756775983
Wetland,0.006974248927038627
Bareland,0.0032472324723247232
Built-up,0.9295813315030885
Water,0.9936836214697338
Forest,0.7114454920872966
