Metric,Value
Overall_Accuracy,0.959427919942219
Kappa,0.5585391802111911
Balanced_Accuracy,0.6408580122544881
MCC,0.5979916760410651
mIoU,0.3254285933550114
Pontius_Quantity_Disagreement,0.03612628261375643
Pontius_Allocation_Disagreement,0.004445797444024693
