Class,IoU
Shrubland,0.0004239741204675883
Grassland,0.048051340637770945
Cropland,0.2525141889873544
Wetland,0.0
Bareland,0.5116054849307242
Built-up,0.8233221772062709
Water,0.5284552845528455
Forest,0.6492172211350293
