Class,PA,UA,F1,Support
Shrubland,0.0,0.0,0.0,0
Grassland,0.9811234667973964,0.8997089012133567,0.938654110042281,206023
Wetland,0.0,0.0,0.0,0
Bareland,1.0,0.0021961932650073207,0.004382761139517896,9
Built-up,0.8153091800599291,0.9985542704626335,0.8976755811047238,11013
Water,0.9455683414237489,0.9527048834380198,0.9491231975464371,40583
Forest,0.9974200916991892,0.9996780476964265,0.9985477932544562,9498012
