Metric,Value
Overall_Accuracy,0.9843341434801965
Kappa,0.963141274660209
Balanced_Accuracy,0.8321216189710317
MCC,0.9634529206518416
mIoU,0.47203144447099343
Pontius_Quantity_Disagreement,0.010830646598512697
Pontius_Allocation_Disagreement,0.004835209921290759
