Class,IoU
Shrubland,0.025567009883999143
Grassland,0.03275091946293545
Cropland,0.9164522182917938
Wetland,0.0
Bareland,0.024774992741701345
Built-up,0.9126508857187647
Water,0.7593218520306884
Forest,0.6479953458148695
