Class,IoU
Shrubland,0.02308241211908522
Grassland,0.044535791417416176
Cropland,0.7338298538795176
Wetland,0.023125996810207338
Bareland,0.012438825448613376
Built-up,0.9161789297658863
Water,0.8125820209973753
Forest,0.9330932783813803
