Metric,Value
Overall_Accuracy,0.9782175411362005
Kappa,0.793210513177897
Balanced_Accuracy,0.9458709237379368
MCC,0.8068667298642643
mIoU,0.5858597881902375
Pontius_Quantity_Disagreement,0.019058368353727418
Pontius_Allocation_Disagreement,0.002724090510072063
