Class,IoU
Shrubland,0.0
Grassland,0.36579381206149597
Wetland,0.02453661339405418
Bareland,0.001694915254237288
Built-up,0.9611395562557438
Water,0.9766110938770081
Forest,0.9932255813826834
