Class,PA,UA,F1,Support
Shrubland,3.324689141565264e-05,0.6666666666666666,6.649046692930401e-05,240624
Grassland,0.98782236137431,0.21362136427456543,0.35127731077664126,60685
Cropland,0.0,0.0,0.0,407
Wetland,0.35714285714285715,0.003189792663476874,0.006323110970597534,28
Bareland,0.70625,0.016746943312337902,0.0327180600796236,320
Built-up,0.46310152004410493,0.997624703087886,0.6325641439406164,25394
Water,0.8804067886152017,0.9960031377236562,0.9346443030653557,30286
Forest,0.3734393706174106,0.1300321581705574,0.19289721277441582,11694
