Class,PA,UA,F1,Support
Shrubland,0.02318455052615253,0.8397310409396544,0.04512327031656266,425542
Grassland,0.9846694873344689,0.04456669336025904,0.08527384467502433,36398
Cropland,0.7342892215066982,0.9991482193388661,0.8464842755331987,1145392
Wetland,0.8529411764705882,0.02321857485988791,0.04520654715510522,68
Bareland,0.5083333333333333,0.01259029927760578,0.024572004028197383,120
Built-up,0.9194461925739459,0.9961363636363636,0.956256136140504,4767
Water,0.8312636348380601,0.9730871230723898,0.8966016561835377,11918
Forest,0.9332936621720681,0.9997699515613092,0.9653887774755276,833519
