Class,IoU
Shrubland,0.0
Grassland,0.2790441280401044
Cropland,0.0
Wetland,0.06238687100277543
Bareland,0.004520654715510522
Built-up,0.9863312100390309
Water,0.9982731523585988
Forest,0.9013201104612978
