Class,IoU
Shrubland,0.0
Grassland,0.28462549875631094
Wetland,0.9555316863587541
Bareland,0.0
Built-up,0.9239526411657559
Water,0.958490362872833
Forest,0.9784183281780091
