Metric,Value
Overall_Accuracy,0.15002023847481044
Kappa,0.10110438047952663
Balanced_Accuracy,0.6212429892061123
MCC,0.3452086597575494
mIoU,0.35169870894630784
Pontius_Quantity_Disagreement,0.8406353901201569
Pontius_Allocation_Disagreement,0.009344371405032748
