Class,PA,UA,F1,Support
Shrubland,0.0,0.0,0.0,0
Grassland,0.9950526837957373,0.8990188794367447,0.9446012137364715,1054309
Cropland,0.0,0.0,0.0,3963
Wetland,0.375,0.012320328542094456,0.02385685884691849,16
Bareland,0.8770384866275277,0.7413840639647091,0.8035260720155386,12264
Built-up,0.9199074419646189,0.9070434974608081,0.9134301808479098,13397
Water,0.9912960976817095,0.955506958250497,0.9730725623582767,24242
Forest,0.9839611313454754,0.999597485970156,0.9917176781156642,7425212
