Class,IoU
Shrubland,0.0
Grassland,0.013776622459675071
Cropland,0.7307767812227771
Wetland,0.03326293558606125
Bareland,0.00703125
Built-up,0.5202020202020202
Water,0.1331923890063425
Forest,0.7500329389053625
