Class,PA,UA,F1,Support
Shrubland,0.02564102564102564,2.092925910422771e-05,4.1824379430770194e-05,78
Grassland,0.9955137689113731,0.08428508797627297,0.15541221415280077,41906
Cropland,0.46840142813036834,0.5697722567287785,0.5141377452599016,126319
Wetland,0.7522761244734338,0.2754228855721393,0.4032193452055792,7359
Bareland,0.42857142857142855,0.0008228195282501371,0.0016424856282507528,7
Built-up,0.9650982783693766,0.9676857949200376,0.9663903046245625,21317
Water,0.9838093997172074,0.9990064525455519,0.9913496881426113,828876
Forest,0.6901086014169571,0.9997366165645315,0.8165562513077779,1710567
