Class,IoU
Shrubland,0.04977496490851237
Grassland,0.0745051865983069
Cropland,0.7729931925431247
Wetland,0.020061203672220335
Bareland,0.01550131926121372
Built-up,0.920417124039517
Water,0.8220140515222483
Forest,0.9231680048143457
