Metric,Value
Overall_Accuracy,0.6831857442088697
Kappa,0.5644061323582998
Balanced_Accuracy,0.7234276573444144
MCC,0.625586868776222
mIoU,0.4373583886024352
Pontius_Quantity_Disagreement,0.31531001853747614
Pontius_Allocation_Disagreement,0.0015042372536541726
