Metric,Value
Overall_Accuracy,0.9966546531032305
Kappa,0.9377670479417674
Balanced_Accuracy,0.9478842159960529
MCC,0.9385573248149922
mIoU,0.5144594818815956
Pontius_Quantity_Disagreement,0.002437359312151704
Pontius_Allocation_Disagreement,0.0009079875846177594
