Metric,Value
Overall_Accuracy,0.9911849749759062
Kappa,0.8413850339048524
Balanced_Accuracy,0.8856878351489229
MCC,0.8493847024920745
mIoU,0.543219175139119
Pontius_Quantity_Disagreement,0.008403896758339961
Pontius_Allocation_Disagreement,0.00041112826575385314
