Class,PA,UA,F1,Support
Shrubland,0.0004240236996923451,0.7838312829525483,0.0008475888851830631,1051828
Grassland,0.8883761222239723,0.04834321859572134,0.09169653961518764,63490
Cropland,0.3905143209116107,0.41676253081347575,0.4032117020430877,6494
Wetland,0.0,0.0,0.0,0
Bareland,0.9343289422199035,0.5306885950290773,0.6769034513713355,15334
Built-up,0.838160136286201,0.9789506754633993,0.9031011496473771,11153
Water,0.6467661691542289,0.7428571428571429,0.6914893617021277,804
Forest,0.6501312099471781,0.9978392207365664,0.7873034707801839,177578
