Class,PA,UA,F1,Support
Shrubland,0.0,0.0,0.0,0
Grassland,0.9639808032331397,0.3708627290925699,0.535650123512239,19795
Wetland,0.9143536875495638,0.024593136104771453,0.047897972748421405,1261
Bareland,0.125,0.0017152658662092624,0.00338409475465313,8
Built-up,0.9694120762711864,0.9911995667479014,0.9801847636899184,7552
Water,0.976761356538801,0.99984250290434,0.9881671684453031,1969306
Forest,0.9933568235085736,0.9998669967313685,0.9966012785102741,4956966
