Class,PA,UA,F1,Support
Shrubland,0.0,0.0,0.0,0
Grassland,0.9816355620379885,0.2805084826037947,0.4363322920964225,60334
Cropland,0.0,0.0,0.0,394
Wetland,0.4603739982190561,0.06730894414789741,0.11744661517492049,1123
Bareland,0.8529411764705882,0.004524180967238689,0.009000620732464307,68
Built-up,0.9916933354668374,0.994547916353242,0.9931185746405805,999920
Water,0.9984521695480562,0.9998204273946225,0.999135830034366,8470566
Forest,0.901825216026618,0.999378972366359,0.9480992763944622,1591702
