Metric,Value
Overall_Accuracy,0.7758041593624392
Kappa,0.6471039134988668
Balanced_Accuracy,0.6636775069038963
MCC,0.6899463806343231
mIoU,0.411429145536648
Pontius_Quantity_Disagreement,0.2064438726530087
Pontius_Allocation_Disagreement,0.017751967984552114
