Class,IoU
Shrubland,0.0
Grassland,0.7261378236558451
Cropland,0.0
Wetland,0.08391532082060235
Bareland,0.01937269372693727
Built-up,0.9837550331078089
Water,0.9869163807005342
Forest,0.9877566741505869
