Class,IoU
Shrubland,0.0
Grassland,0.884399816236792
Wetland,0.0
Bareland,0.0021961932650073207
Built-up,0.8143479049519318
Water,0.9031726605159104
Forest,0.9970997982015276
