Metric,Value
Overall_Accuracy,0.8494477203374727
Kappa,0.7110877122738175
Balanced_Accuracy,0.6272039892676213
MCC,0.7387451804698641
mIoU,0.298519284611646
Pontius_Quantity_Disagreement,0.1472797634257653
Pontius_Allocation_Disagreement,0.003272516236761863
