Class,IoU
Shrubland,0.0
Grassland,0.34738861604111854
Cropland,0.003281557646029315
Wetland,0.0018578352180936995
Bareland,0.007607344012873967
Built-up,0.7846037163443307
Water,0.6874249478585123
Forest,0.6376488397839988
