Class,PA,UA,F1,Support
Shrubland,0.0,0.0,0.0,0
Grassland,0.8113791578637056,0.013967961822821555,0.02746314327764982,20353
Cropland,0.8158217209253363,0.993484459326913,0.8959303960456937,2669343
Wetland,0.16233766233766234,0.007054176072234763,0.01352082206598161,154
Bareland,0.7142857142857143,0.0016373758323327148,0.00326726203441516,63
Built-up,0.2752730883813307,0.6996466431095406,0.395096921322691,5035
Water,0.7449324324324325,0.5220994475138122,0.6139211136890951,1776
Forest,0.8663981486471676,0.9984152499472202,0.9277337076056914,5529362
