Class,PA,UA,F1,Support
Shrubland,0.0,0.0,0.0,0
Grassland,0.9938210231370279,0.3481405480638835,0.5156472481737476,519989
Cropland,0.0033905967450271247,0.09259259259259259,0.0065416484954208464,13272
Wetland,0.18548387096774194,0.001873116703314602,0.0037087801338385874,124
Bareland,0.8253968253968254,0.007619605831929079,0.015099818511796733,126
Built-up,0.7977907820722192,0.9793673776243248,0.8793030174245644,44088
Water,0.7451813282177766,0.8986752595775153,0.8147621009525949,43788
Forest,0.6376987887013752,0.9998771781684195,0.7787369603218512,2655332
