Class,PA,UA,F1,Support
Shrubland,0.025771261472634602,0.763363714743195,0.04985926738593317,961963
Grassland,0.9794117161852286,0.03277348267591133,0.06342462416778483,60617
Cropland,0.9246045827064571,0.9904707358713575,0.9564049753441412,1468259
Wetland,0.0,0.0,0.0,0
Bareland,0.8707482993197279,0.024866440019426905,0.048352063462083296,588
Built-up,0.9494438827098078,0.959268413247652,0.9543308635499311,30659
Water,0.7769649890891125,0.9709630391904639,0.8631983410587948,72863
Forest,0.64911272304119,0.9973505505424547,0.7864043396244679,2127746
