Class,PA,UA,F1,Support
Shrubland,0.0,0.0,0.0,0
Grassland,0.879750175932442,0.296146921564447,0.4431260301650036,56840
Wetland,0.9730584770719394,0.9814984553756323,0.9772602438756454,178275
Bareland,0.0,0.0,0.0,0
Built-up,0.9273308957952467,0.9960726558664703,0.960473372781065,2188
Water,0.9697943619773934,0.9879852382141568,0.9788052890562718,36715
Forest,0.9794207079126629,0.9989550767930994,0.989091451734646,5765796
