Class,IoU
Shrubland,0.0
Grassland,0.013922752917927083
Cropland,0.8114799944105454
Wetland,0.006806425265450586
Bareland,0.001636304134395113
Built-up,0.24618117229129663
Water,0.44291931704050885
Forest,0.8652083108330446
