Metric,Value
Overall_Accuracy,0.9877509841199633
Kappa,0.967960132228495
Balanced_Accuracy,0.9405550291115895
MCC,0.9683419778315238
mIoU,0.47348174077028937
Pontius_Quantity_Disagreement,0.011597178390800286
Pontius_Allocation_Disagreement,0.0006518374892363985
