Metric,Value
Overall_Accuracy,0.9885328131811756
Kappa,0.9724989561473248
Balanced_Accuracy,0.8238107911835441
MCC,0.9727204878077419
mIoU,0.4747145103178889
Pontius_Quantity_Disagreement,0.011201043064963803
Pontius_Allocation_Disagreement,0.0002661437538607238
