Class,IoU
Shrubland,0.0
Grassland,0.8950182869554757
Cropland,0.0
Wetland,0.012072434607645875
Bareland,0.6715784215784216
Built-up,0.8406548431105048
Water,0.9475572729781949
Forest,0.9835714229941921
