Metric,Value
Overall_Accuracy,0.5580673795637998
Kappa,0.012626530261761193
Balanced_Accuracy,0.39201825858914746
MCC,0.07662523261023632
mIoU,0.18226926515259761
Pontius_Quantity_Disagreement,0.441382323580082
Pontius_Allocation_Disagreement,0.000550296856118071
