Metric,Value
Overall_Accuracy,0.9237311357320832
Kappa,0.6547248205713698
Balanced_Accuracy,0.4250838643399926
MCC,0.6812250550767877
mIoU,0.31829340535729955
Pontius_Quantity_Disagreement,0.06246464779746681
Pontius_Allocation_Disagreement,0.01380421647045009
