Class,PA,UA,F1,Support
Shrubland,0.0,0.0,0.0,0
Grassland,0.9540860525555876,0.0049443054814599765,0.009837629976783014,6926
Cropland,0.0,0.0,0.0,113
Wetland,0.2957474226804124,0.08924752090219716,0.1371172516803585,1552
Bareland,0.0,0.0,0.0,11
Built-up,0.16346153846153846,0.06967213114754098,0.09770114942528736,520
Water,0.7737761771375217,0.9959368204189081,0.8709120480420368,22491
Forest,0.557056619288972,0.9995128147814671,0.7154004406757127,6839224
