Metric,Value
Overall_Accuracy,0.4972354188712327
Kappa,0.3264583328196161
Balanced_Accuracy,0.4658613339074564
MCC,0.34650282582883113
mIoU,0.22398695989129125
Pontius_Quantity_Disagreement,0.2796964450957907
Pontius_Allocation_Disagreement,0.2230681360329766
