Class,PA,UA,F1,Support
Shrubland,0.0,0.0,0.0,0
Grassland,0.6582301703784059,0.873395213953833,0.7506993372784295,125368
Cropland,0.07920792079207921,0.02554278416347382,0.0386286817962337,505
Bareland,0.9979943549705137,0.9938579448050783,0.9959218549184705,6351074
Built-up,0.39226519337016574,1.0,0.5634920634920635,181
Water,0.0,0.0,0.0,1
Forest,0.0,0.0,0.0,529
