Class,IoU
Shrubland,0.0
Grassland,0.3416951146157546
Cropland,0.3583725372062914
Wetland,0.10869565217391304
Bareland,0.7643370037581119
Built-up,0.46439602637949745
Water,0.9977304849796306
Forest,0.31283140343685106
