Class,PA,UA,F1,Support
Shrubland,0.0,0.0,0.0,0
Grassland,0.9792993630573248,0.0013689345348794502,0.0027340472234416765,2512
Wetland,0.053577225329581146,0.905910342853194,0.10117100872785444,1712780
Bareland,0.0,0.0,0.0,0
Built-up,0.21052631578947367,0.4444444444444444,0.2857142857142857,19
Water,0.8181256320934936,0.9893551967023758,0.8956297989687023,53394
Forest,0.2784549353051274,0.9973991078873873,0.43536438284934315,541233
