Metric,Value
Overall_Accuracy,0.9496445700710368
Kappa,0.04572557421748402
Balanced_Accuracy,0.4947129741268102
MCC,0.12850447893754022
mIoU,0.24830162068140643
Pontius_Quantity_Disagreement,0.049623597797858604
Pontius_Allocation_Disagreement,0.0007318321311046427
