Class,IoU
Shrubland,0.0
Grassland,0.600895652807107
Cropland,0.019694731659281144
Bareland,0.9918768372730623
Built-up,0.39226519337016574
Water,0.0
Forest,0.0
