Metric,Value
Overall_Accuracy,0.973254981983247
Kappa,0.9411388378302704
Balanced_Accuracy,0.6445185636095355
MCC,0.9413748014346794
mIoU,0.5339552733944171
Pontius_Quantity_Disagreement,0.012923308232722405
Pontius_Allocation_Disagreement,0.013821709784030592
