Class,IoU
Shrubland,0.0
Grassland,0.06643341399080069
Cropland,0.635838517568637
Wetland,0.0013177159590043923
Bareland,0.11930087944520741
Built-up,0.5104143222506394
Water,0.15677381187142575
Forest,0.3018170180446154
