Class,IoU
Shrubland,0.0
Grassland,0.012008349555550343
Cropland,0.04166466970205288
Wetland,0.0
Bareland,0.0
Built-up,0.4325013865779257
Water,0.5501355013550135
Forest,0.950103058260709
