Metric,Value
Overall_Accuracy,0.12494794232572476
Kappa,0.0797346215254765
Balanced_Accuracy,0.4679966943150002
MCC,0.19589244484045767
mIoU,0.18722230276312182
Pontius_Quantity_Disagreement,0.8705276938168903
Pontius_Allocation_Disagreement,0.004524363857384972
