Class,IoU
Shrubland,0.0
Grassland,0.4378043272165941
Cropland,0.982693012469219
Wetland,0.35507951963648166
Bareland,0.940550526483704
Built-up,0.5670138390342496
Water,0.9879542154588825
Forest,0.0005467468562055768
