Class,PA,UA,F1,Support
Shrubland,0.0,0.0,0.0,0
Grassland,0.3690358964098769,0.8218128186443249,0.5093483771290499,1659386
Cropland,0.3888560480141316,0.8205150781421968,0.527649856560471,143791
Wetland,0.10869565217391304,1.0,0.19607843137254902,46
Bareland,0.9922330872352662,0.7689375636101745,0.8664297151054952,3531519
Built-up,0.5156655543196144,0.8236600533017471,0.6342492304184244,10788
Water,0.9994980213487243,0.9982306893342267,0.9988639533523499,444242
Forest,0.3136534846269431,0.9916913440848761,0.4765751377029711,148409
