Class,PA,UA,F1,Support
Shrubland,0.0,0.0,0.0,0
Grassland,0.16601815823605706,0.012779233745164108,0.023731720317967973,3084
Cropland,0.7874396135265701,0.042138598503821234,0.07999631918776744,6624
Wetland,0.0,0.0,0.0,0
Bareland,0.0,0.0,0.0,2
Built-up,0.492422328870927,0.7804243394715773,0.6038407929378968,7918
Water,0.5720324057766819,0.9349453080023028,0.7097902097902098,2839
Forest,0.950365338350625,0.9997096125202855,0.9744131770226575,11356459
