Metric,Value
Overall_Accuracy,0.9912483802016099
Kappa,0.7457267685130259
Balanced_Accuracy,0.35461627325186074
MCC,0.7510725076550449
mIoU,0.28639034501565946
Pontius_Quantity_Disagreement,0.004866573690676448
Pontius_Allocation_Disagreement,0.003885046107713672
