Class,IoU
Shrubland,0.0
Grassland,0.49624527462651397
Cropland,0.060172740492662934
Wetland,0.008963218013882057
Bareland,0.4284086059558877
Built-up,0.16765202702702703
Water,0.782240209430682
Forest,0.26543229334248447
