Class,IoU
Shrubland,0.0
Grassland,0.001368894923403095
Wetland,0.0532807373348948
Bareland,0.0
Built-up,0.16666666666666666
Water,0.8109869300460418
Forest,0.27825289037084633
