Class,PA,UA,F1,Support
Shrubland,0.0,0.0,0.0,0
Grassland,0.5364554190487775,0.7042066856682075,0.6089901371546537,164420
Cropland,0.9916057462387748,0.9909364189825615,0.9912709696246788,4410398
Wetland,0.3874280655157149,0.8096207215541166,0.5240718562874251,22590
Bareland,0.9974723151063655,0.942797628008116,0.9693646350842412,1312268
Built-up,0.6039622597115362,0.9026144135590837,0.7236870854742421,85002
Water,0.9941593927893738,0.9937219288662297,0.9939406126924624,263500
Forest,0.0005467468562055768,1.0,0.001092896174863388,1829
