Metric,Value
Overall_Accuracy,0.5426628919334614
Kappa,0.3957986460501888
Balanced_Accuracy,0.4990596803195636
MCC,0.43719620380416796
mIoU,0.2761392961111425
Pontius_Quantity_Disagreement,0.34060539508090487
Pontius_Allocation_Disagreement,0.11673171298563362
