Class,IoU
Shrubland,0.0
Grassland,0.004943129327014785
Cropland,0.0
Wetland,0.0736048749198204
Bareland,0.0
Built-up,0.0513595166163142
Water,0.7713411931566351
Forest,0.5569054072009965
