Class,IoU
Shrubland,0.0
Grassland,0.02694635283016143
Cropland,0.5864890135577373
Wetland,0.03074704355350447
Bareland,0.9322674784722852
Built-up,0.13493866424352566
Water,0.802084469826962
Forest,0.03287422037422037
