Class,PA,UA,F1,Support
Shrubland,0.0,0.0,0.0,0
Grassland,0.7171376134195572,0.6170173261002136,0.6633207576884539,1515281
Cropland,0.06671878435492146,0.38015033407572385,0.11351497391774217,40933
Wetland,0.03321518987341772,0.012127038118830185,0.017767184876225556,9875
Bareland,0.953543193072891,0.4375410276104191,0.5998404156480108,345310
Built-up,0.6740237691001698,0.18244485294117646,0.28716094032549727,589
Water,0.7832227795319172,0.9983988126354886,0.8778168120003985,348699
Forest,0.26555643288407105,0.9982419332471448,0.4195124381429805,1680607
