Class,PA,UA,F1,Support
Shrubland,0.0,0.0,0.0,0
Grassland,0.10689349015137399,0.14930811793993992,0.12458989585143243,456155
Cropland,0.772216253703043,0.7826242841965634,0.7773854335129485,997828
Wetland,0.4090909090909091,0.001320228839665542,0.002631963737388507,22
Bareland,0.9595060457936712,0.11990458043899,0.21317034880619423,58305
Built-up,0.5534995174227044,0.8676741678550312,0.675860013681651,90141
Water,0.15708358032009484,0.9875776397515528,0.27105352881009204,5061
Forest,0.3027395408703986,0.9900045707741686,0.46368577743430855,651058
