Class,PA,UA,F1,Support
Shrubland,0.0,0.0,0.0,0
Grassland,0.03388352952928107,0.11630734064107226,0.05247859882047387,330367
Cropland,0.6064219853232334,0.9469293033115986,0.7393546485928982,194457
Wetland,0.03148381507442703,0.5678267045454546,0.05965972688605328,50788
Bareland,0.9992505239159009,0.9329198098122614,0.9649466120594927,6133618
Built-up,0.2091549295774648,0.2755102040816326,0.2377902321857486,1420
Water,0.8032444609550221,0.998202762019029,0.8901741103223413,503381
Forest,0.2921478060046189,0.03571932796837498,0.06365580576173104,866
