Metric,Value
Overall_Accuracy,0.7861857023219737
Kappa,0.5744650488988233
Balanced_Accuracy,0.5268053920183527
MCC,0.6173533720760669
mIoU,0.41850727781875624
Pontius_Quantity_Disagreement,0.18447197887703326
Pontius_Allocation_Disagreement,0.02934231880099314
