Comparison_Group,TID,Comparison_ID,Shrubland,Grassland,Cropland,Wetland,Bareland,Built-up,Water,Forest
compare_molca_esa_cci_ph2,36NYP,MOLCA_36NYP_ph2_vs_ESACCI_36NYP,0.0,0.0237317203179679,0.0799963191877674,0.0,0.0,0.6038407929378968,0.7097902097902098,0.9744131770226576
compare_molca_esa_cci_ph2,36NXP,MOLCA_36NXP_ph2_vs_ESACCI_36NXP,0.0,0.009837629976783,0.0,0.1371172516803585,0.0,0.0977011494252873,0.8709120480420368,0.7154004406757127
compare_molca_esa_cci_ph2,36NZL,MOLCA_36NZL_ph2_vs_ESACCI_36NZL,0.0,0.6633207576884539,0.1135149739177421,0.0177671848762255,0.5998404156480108,0.2871609403254972,0.8778168120003985,0.4195124381429805
compare_molca_esa_cci_ph2,37PES,MOLCA_37PES_ph2_vs_ESACCI_37PES,0.0,0.5093483771290499,0.527649856560471,0.196078431372549,0.8664297151054952,0.6342492304184244,0.99886395335235,0.4765751377029711
compare_molca_esa_cci_ph2,37PGN,MOLCA_37PGN_ph2_vs_ESACCI_37PGN,0.0,0.0524785988204738,0.7393546485928982,0.0596597268860532,0.9649466120594928,0.2377902321857486,0.8901741103223413,0.063655805761731
compare_molca_esa_cci_ph2,37PHL,MOLCA_37PHL_ph2_vs_ESACCI_37PHL,0.0,0.1245898958514324,0.7773854335129485,0.0026319637373885,0.2131703488061942,0.675860013681651,0.271053528810092,0.4636857774343085
compare_molca_esa_cci_ph2,35PRS,MOLCA_35PRS_ph2_vs_ESACCI_35PRS,0.0,0.7506993372784295,0.0386286817962337,0.0,0.9959218549184704,0.5634920634920635,0.0,0.0
compare_molca_esa_cci_ph2,36PVB,MOLCA_36PVB_ph2_vs_ESACCI_36PVB,0.0,0.6089901371546537,0.9912709696246788,0.5240718562874251,0.9693646350842412,0.7236870854742421,0.9939406126924624,0.0010928961748633
compare_molca_esa_cci_ph2,36PTQ,MOLCA_36PTQ_ph2_vs_ESACCI_36PTQ,0.0,0.0027340472234416,0.0,0.1011710087278544,0.0,0.2857142857142857,0.8956297989687023,0.4353643828493431
