Comparison_Group,TID,Comparison_ID,Overall_Accuracy,Kappa,Balanced_Accuracy,MCC,mIoU,Pontius_Quantity_Disagreement,Pontius_Allocation_Disagreement
compare_molca_esa_cci_ph2,36NYP,MOLCA_36NYP_ph2_vs_ESACCI_36NYP,0.9496445700710368,0.045725574217484,0.4947129741268102,0.1285044789375402,0.2483016206814064,0.0496235977978586,0.0007318321311046
compare_molca_esa_cci_ph2,36NXP,MOLCA_36NXP_ph2_vs_ESACCI_36NXP,0.5580673795637998,0.0126265302617611,0.3920182585891474,0.0766252326102363,0.1822692651525976,0.441382323580082,0.000550296856118
compare_molca_esa_cci_ph2,36NZL,MOLCA_36NZL_ph2_vs_ESACCI_36NZL,0.5426628919334614,0.3957986460501888,0.4990596803195636,0.4371962038041679,0.2761392961111425,0.3406053950809048,0.1167317129856336
compare_molca_esa_cci_ph2,37PES,MOLCA_37PES_ph2_vs_ESACCI_37PES,0.7861857023219737,0.5744650488988233,0.5268053920183527,0.6173533720760669,0.4185072778187562,0.1844719788770332,0.0293423188009931
compare_molca_esa_cci_ph2,37PGN,MOLCA_37PGN_ph2_vs_ESACCI_37PGN,0.9237311357320832,0.6547248205713698,0.4250838643399926,0.6812250550767877,0.3182934053572995,0.0624646477974668,0.01380421647045
compare_molca_esa_cci_ph2,37PHL,MOLCA_37PHL_ph2_vs_ESACCI_37PHL,0.4972354188712327,0.3264583328196161,0.4658613339074564,0.3465028258288311,0.2239869598912912,0.2796964450957907,0.2230681360329766
compare_molca_esa_cci_ph2,35PRS,MOLCA_35PRS_ph2_vs_ESACCI_35PRS,0.99124838020161,0.7457267685130259,0.3546162732518607,0.7510725076550449,0.2863903450156594,0.0048665736906764,0.0038850461077136
compare_molca_esa_cci_ph2,36PVB,MOLCA_36PVB_ph2_vs_ESACCI_36PVB,0.973254981983247,0.9411388378302704,0.6445185636095355,0.9413748014346794,0.5339552733944171,0.0129233082327224,0.0138217097840305
compare_molca_esa_cci_ph2,36PTQ,MOLCA_36PTQ_ph2_vs_ESACCI_36PTQ,0.1249479423257247,0.0797346215254765,0.4679966943150002,0.1958924448404576,0.1872223027631218,0.8705276938168903,0.0045243638573849
