Comparison_Group,TID,Comparison_ID,Shrubland,Grassland,Cropland,Wetland,Bareland,Built-up,Water,Forest
compare_molca_esa_cci_ph2,36NYP,MOLCA_36NYP_ph2_vs_ESACCI_36NYP,0.0,0.0120083495555503,0.0416646697020528,0.0,0.0,0.4325013865779257,0.5501355013550135,0.950103058260709
compare_molca_esa_cci_ph2,36NXP,MOLCA_36NXP_ph2_vs_ESACCI_36NXP,0.0,0.0049431293270147,0.0,0.0736048749198204,0.0,0.0513595166163142,0.7713411931566351,0.5569054072009965
compare_molca_esa_cci_ph2,36NZL,MOLCA_36NZL_ph2_vs_ESACCI_36NZL,0.0,0.4962452746265139,0.0601727404926629,0.008963218013882,0.4284086059558877,0.167652027027027,0.782240209430682,0.2654322933424844
compare_molca_esa_cci_ph2,37PES,MOLCA_37PES_ph2_vs_ESACCI_37PES,0.0,0.3416951146157546,0.3583725372062914,0.108695652173913,0.7643370037581119,0.4643960263794974,0.9977304849796306,0.312831403436851
compare_molca_esa_cci_ph2,37PGN,MOLCA_37PGN_ph2_vs_ESACCI_37PGN,0.0,0.0269463528301614,0.5864890135577373,0.0307470435535044,0.9322674784722852,0.1349386642435256,0.802084469826962,0.0328742203742203
compare_molca_esa_cci_ph2,37PHL,MOLCA_37PHL_ph2_vs_ESACCI_37PHL,0.0,0.0664334139908006,0.635838517568637,0.0013177159590043,0.1193008794452074,0.5104143222506394,0.1567738118714257,0.3018170180446154
compare_molca_esa_cci_ph2,35PRS,MOLCA_35PRS_ph2_vs_ESACCI_35PRS,0.0,0.600895652807107,0.0196947316592811,0.0,0.9918768372730624,0.3922651933701657,0.0,0.0
compare_molca_esa_cci_ph2,36PVB,MOLCA_36PVB_ph2_vs_ESACCI_36PVB,0.0,0.4378043272165941,0.982693012469219,0.3550795196364816,0.940550526483704,0.5670138390342496,0.9879542154588824,0.0005467468562055
compare_molca_esa_cci_ph2,36PTQ,MOLCA_36PTQ_ph2_vs_ESACCI_36PTQ,0.0,0.001368894923403,0.0,0.0532807373348948,0.0,0.1666666666666666,0.8109869300460418,0.2782528903708463
