Comparison_Group,TID,Comparison_ID,Shrubland,Grassland,Cropland,Wetland,Bareland,Built-up,Water,Forest
compare_molca_esa_cci_ph2,36NYP,MOLCA_36NYP_ph2_vs_ESACCI_36NYP,0.0,0.0127792337451641,0.0421385985038212,0.0,0.0,0.7804243394715773,0.9349453080023028,0.9997096125202856
compare_molca_esa_cci_ph2,36NXP,MOLCA_36NXP_ph2_vs_ESACCI_36NXP,0.0,0.0049443054814599,0.0,0.0892475209021971,0.0,0.0696721311475409,0.995936820418908,0.9995128147814673
compare_molca_esa_cci_ph2,36NZL,MOLCA_36NZL_ph2_vs_ESACCI_36NZL,0.0,0.6170173261002136,0.3801503340757238,0.0121270381188301,0.4375410276104191,0.1824448529411764,0.9983988126354886,0.9982419332471448
compare_molca_esa_cci_ph2,37PES,MOLCA_37PES_ph2_vs_ESACCI_37PES,0.0,0.8218128186443249,0.8205150781421968,1.0,0.7689375636101745,0.8236600533017471,0.9982306893342268,0.991691344084876
compare_molca_esa_cci_ph2,37PGN,MOLCA_37PGN_ph2_vs_ESACCI_37PGN,0.0,0.1163073406410722,0.9469293033115986,0.5678267045454546,0.9329198098122614,0.2755102040816326,0.998202762019029,0.0357193279683749
compare_molca_esa_cci_ph2,37PHL,MOLCA_37PHL_ph2_vs_ESACCI_37PHL,0.0,0.1493081179399399,0.7826242841965634,0.0013202288396655,0.11990458043899,0.8676741678550312,0.9875776397515528,0.9900045707741686
compare_molca_esa_cci_ph2,35PRS,MOLCA_35PRS_ph2_vs_ESACCI_35PRS,0.0,0.873395213953833,0.0255427841634738,0.0,0.9938579448050784,1.0,0.0,0.0
compare_molca_esa_cci_ph2,36PVB,MOLCA_36PVB_ph2_vs_ESACCI_36PVB,0.0,0.7042066856682075,0.9909364189825616,0.8096207215541166,0.942797628008116,0.9026144135590836,0.9937219288662296,1.0
compare_molca_esa_cci_ph2,36PTQ,MOLCA_36PTQ_ph2_vs_ESACCI_36PTQ,0.0,0.0013689345348794,0.0,0.905910342853194,0.0,0.4444444444444444,0.9893551967023758,0.9973991078873872
