Comparison_Group,TID,Comparison_ID,Shrubland,Grassland,Cropland,Wetland,Bareland,Built-up,Water,Forest
compare_molca_esa_cci_ph2,36NYP,MOLCA_36NYP_ph2_vs_ESACCI_36NYP,0.0,0.166018158236057,0.7874396135265701,0.0,0.0,0.492422328870927,0.5720324057766819,0.950365338350625
compare_molca_esa_cci_ph2,36NXP,MOLCA_36NXP_ph2_vs_ESACCI_36NXP,0.0,0.9540860525555876,0.0,0.2957474226804124,0.0,0.1634615384615384,0.7737761771375217,0.557056619288972
compare_molca_esa_cci_ph2,36NZL,MOLCA_36NZL_ph2_vs_ESACCI_36NZL,0.0,0.7171376134195572,0.0667187843549214,0.0332151898734177,0.953543193072891,0.6740237691001698,0.7832227795319172,0.265556432884071
compare_molca_esa_cci_ph2,37PES,MOLCA_37PES_ph2_vs_ESACCI_37PES,0.0,0.3690358964098769,0.3888560480141316,0.108695652173913,0.9922330872352662,0.5156655543196144,0.9994980213487245,0.3136534846269431
compare_molca_esa_cci_ph2,37PGN,MOLCA_37PGN_ph2_vs_ESACCI_37PGN,0.0,0.033883529529281,0.6064219853232334,0.031483815074427,0.9992505239159007,0.2091549295774648,0.8032444609550221,0.2921478060046189
compare_molca_esa_cci_ph2,37PHL,MOLCA_37PHL_ph2_vs_ESACCI_37PHL,0.0,0.1068934901513739,0.772216253703043,0.4090909090909091,0.9595060457936712,0.5534995174227044,0.1570835803200948,0.3027395408703986
compare_molca_esa_cci_ph2,35PRS,MOLCA_35PRS_ph2_vs_ESACCI_35PRS,0.0,0.6582301703784059,0.0792079207920792,0.0,0.9979943549705136,0.3922651933701657,0.0,0.0
compare_molca_esa_cci_ph2,36PVB,MOLCA_36PVB_ph2_vs_ESACCI_36PVB,0.0,0.5364554190487775,0.9916057462387748,0.3874280655157149,0.9974723151063656,0.6039622597115362,0.9941593927893738,0.0005467468562055
compare_molca_esa_cci_ph2,36PTQ,MOLCA_36PTQ_ph2_vs_ESACCI_36PTQ,0.0,0.9792993630573248,0.0,0.0535772253295811,0.0,0.2105263157894736,0.8181256320934936,0.2784549353051274
